9996.15359923,9534.61513169,249,300
9892.85702177,9801.70056412,249,200
10030.1419758,9851.37081832,249,150
10153.9207059,8790.02009592,249,1250
10221.6463042,9684.78995935,249,350
10009.0172456,9926.6126553,249,100
9983.51049096,9790.40751726,249,200
10169.8095629,10169.8095629,249,0
10052.7928366,10052.7928366,249,0
9917.05882353,9879.41176471,249,50
9993.44751973,9855.88021333,249,150
9985.99099099,9985.99099099,249,0
9930.07441911,9763.74487095,249,150
10133.1341211,9459.6645507,249,550
9998.8301119,9753.15361139,249,250
10016.7684091,9851.68348427,249,100
9970.71895425,9927.25490196,249,50
9963.42784609,9729.45347253,249,350
9949.39488854,9864.04457006,249,150
9980.34927143,9959.52438204,249,50
9974.17582418,9897.09576138,249,100
10007.7961044,9954.32284108,249,50
10067.6954733,10067.6954733,249,0
10281.0447167,10133.4107911,249,100
10100.7957524,10100.7957524,249,0
8524.99988527,1962.49988527,249,1750
9758.32681212,7358.95364552,249,2550
9830.73497682,7742.20612237,249,2700
10081.9362872,5203.76887361,249,4550
9874.91694352,7921.29568106,249,3050
14877.8696058,6108.02208852,249,2450
11639.3061017,3185.70247943,249,4850
9652.01910179,6246.29564393,249,3500
9373.07115378,5288.08069903,249,4500
8721.81328546,5600.35906643,249,3350
10734.4186047,6104.65116279,249,3150
7586.95735953,73.913550728,242,3600
11883.0753457,5716.15068111,249,2750
9871.9347827,5862.39778588,249,4500
13039.285819,6285.71425811,249,3050
8548.08917197,5235.98726115,249,4000
9336.15987714,4951.5402269,249,4750
11407.6944351,2530.00955492,249,5100
6310.9083539,5358.42257169,242,4600
8122.66666667,7037.66666667,249,4650
9263.75384176,6658.89346899,249,3950
9963.50129404,9769.86433688,249,500
9981.8103285,9779.29594768,249,250
9979.69848437,9979.69848437,249,0
10045.2075388,9277.07717921,249,700
9996.51002161,9844.46841959,249,200
15630.4667523,11918.4308647,249,200
10072.870249,9935.84534731,249,150
9989.34727231,9901.48921746,249,100
10027.6603396,9982.02511678,249,50
9946.72801636,9839.9795501,249,150
9931.70078845,9465.9432825,249,650
9989.25602561,9989.25602561,249,0
9960.39999556,9812.22221778,249,100
10270.8829112,9528.92007032,249,300
9940.29747498,9570.99339229,249,450
10138.2622404,9606.55492978,249,400
10142.4704188,9684.6023731,249,300
9951.19670181,9363.13167607,249,950
10418.8709509,10418.8709509,249,0
10163.8054547,9065.57576236,249,550
11025.1082251,8380.73593074,249,950
9950.0,9916.17647059,249,50
9663.53658537,9500.12195122,249,500
9770.98976109,9729.35153584,249,50
9934.49492284,9700.18671866,249,350
9928.07195938,9705.39613076,249,200
9930.01829324,9662.31755313,249,300
10011.9592103,9665.60568523,249,400
10101.3223936,9937.6215963,249,100
10022.9130353,9577.69564527,249,400
10040.6266597,9799.73218346,249,250
10130.9999743,9447.0001111,249,300
9860.17401392,9657.52320186,249,350
9953.69458128,9801.37931034,249,200
10046.1904762,9983.33333333,249,50
9948.05962012,9744.17887928,249,300
10058.4805318,9186.85832238,249,800
10149.9068768,9882.71489971,249,250
10091.5,9849.25,249,150
9981.04925532,9889.67411409,249,100
10279.7035405,10179.5895211,249,50
10019.1082803,9687.89808917,249,500
9912.50000828,9425.00000242,249,150
10265.4377447,9576.49766457,249,500
10067.3913173,9797.82609011,249,300
10013.7286759,9634.19983753,249,400
10408.9743333,9814.10256404,249,100
9972.01250954,9525.34258451,249,500
10117.1428571,9994.28571429,249,50
9995.19678193,9964.99281107,249,50
10008.6956493,10008.6956493,249,0
9993.47610901,9993.47610901,249,0
9949.2523659,9919.97738675,249,50
10002.4476208,10002.4476208,249,0
9982.19144328,9950.31583572,249,50
9885.77586883,9798.70690323,249,200
10062.6651982,9623.89867841,249,400
9989.8642115,9829.53444011,249,200
10007.1428462,10007.1428462,249,0
10612.2449229,9628.57142802,249,100
10005.691144,10005.691144,249,0
9985.54386404,9985.54386404,249,0
9988.19218364,9988.19218364,249,0
10063.3333333,9721.66666667,249,250
10463.5,10463.5,249,0
9953.71301787,9631.85370882,249,450
10088.8461687,9717.30769521,249,300
9991.15703026,9958.98072172,249,50
10033.1730769,9978.36538462,249,50
9869.58564081,9365.80059704,249,700
10027.8724716,10027.8724716,249,0
10183.9140625,9836.5703125,249,150
9998.62068276,9998.62068276,249,0
9988.97387465,9895.44361797,249,150
10636.4705883,9201.17652534,249,100
9991.54680604,9991.54680604,249,0
9961.10198895,9747.85377355,249,250
10002.0658707,10002.0658707,249,0
10117.0,10117.0,249,0
9695.11107902,9438.44441282,249,550
10023.2692505,9987.3077028,249,50
10198.9169495,9832.49097473,249,150
9890.90909465,9763.63636736,249,200
10025.7144392,10025.7144392,249,0
10039.7333533,9679.73333568,249,300
10198.496994,9669.93987976,249,250
9990.20100503,9952.17755444,249,50
10018.2879,9911.67136896,249,100
10098.8080316,9835.19447256,249,200
9994.53333067,9994.53333067,249,0
9996.96968755,9954.54545342,249,100
9990.33106859,9861.02782616,249,150
9876.79045093,9202.60831123,249,500
9889.59901341,9581.57897254,249,400
11642.9826316,7985.38008772,249,350
10093.6754177,10093.6754177,249,0
9973.08312094,9829.83628007,249,200
9961.5959685,9730.4795428,249,300
9994.46960235,9952.79746725,249,50
9885.91160847,3855.17928661,249,3750
8656.625,1371.81730769,249,10350
7818.62375785,651.777624236,249,10450
23349.8311029,55.2361740018,249,8450
10078.7967222,2175.82087897,249,10500
9221.39437693,1829.14547488,249,10750
11762.3076923,79.6153846154,249,6250
9421.01348789,4.74714550527,249,9850
10632.9736944,27.3310410241,249,9850
8100.694744,3.15729959314,249,5600
10805.5411169,1187.82630312,249,10050
6614.17393913,3463.77393913,216,8950
7935.30947054,4696.04772558,249,9850
7373.4382501,19.2526994756,249,9800
11465.600137,5.60037948487,249,9000
7177.34691529,283.154992827,241,10300
12584.8484848,16.9801462905,249,9050
7155.45454545,53.6363636364,215,6200
7355.2672,173.2672,208,8550
8806.42372665,2.58879297084,249,10200
16606.2230074,52.0846872436,249,9450
10312.8324468,1926.53382067,249,10700
17714.5011144,1.85774216289,249,6800
13677.9749478,6.2630480167,249,7750
7934.46153846,4374.46153846,211,8900
9042.56013636,585.533207539,249,10500
9361.45899077,1794.68697455,249,10850
10818.1893688,51.807038793,249,8900
22905.416774,613.750123178,249,10700
9668.22041844,2046.57916698,249,10450
9030.5841949,852.393753273,249,10400
8598.49992857,48.4999285714,249,7600
8000.42735043,1526.06837607,249,10100
9606.03415098,338.724498971,249,10200
11532.2432909,5.52843603218,249,9450
8729.41809772,4012.35341679,249,11000
8870.54585559,2369.84432031,249,9850
17216.4470842,3.64320463173,249,1900
7194.00005049,18.0000629708,243,7800
8734.92996229,1717.149176,206,9000
8876.73785771,1023.70579237,249,9850
24681.2913907,24.8344370861,249,3700
8741.0896305,40.0475273826,249,6850
9201.90471416,525.54301402,249,10200
9825.5604869,45.7401696463,249,5650
7181.49209457,1060.99003879,233,9350
11359.122063,487.46350743,249,10050
7429.99994109,4133.99997405,249,10300
10328.5987176,3.71788290777,249,9350
9130.57131288,74.0688709454,249,10850
14677.9874214,3.45911949685,249,7650
7458.62831858,3184.2920354,198,8050
9457.62037179,1757.78111679,249,10600
11044.5117206,68.78309771,249,10100
7035.9375,2387.5,121,4250
10964.7804717,694.22528016,249,10300
17373.8818367,40.1807093601,249,8350
10997.2653173,29.3388341716,249,9950
10049.8819573,9.69195260664,249,9100
18093.8245237,43.9182860708,249,9650
7401.0989011,1.0989010989,229,9100
12693.3334594,14.7612761909,249,10650
10949.2879788,97.5663247498,249,10450
9772.05348133,347.835519677,249,9800
33769.047619,90.4761904762,249,10250
10084.8684211,4634.86842105,249,10900
12160.8368243,48.8702970711,249,8600
8454.53872694,30.7379889299,249,6750
8958.37355358,123.998730425,249,10100
8295.91836735,3094.24860853,249,10600
10131.4975571,42.734198282,249,10700
8699.36684096,1302.30788655,249,10450
9827.92472024,0.864699898269,249,10000
9166.82639079,1212.60174691,249,9600
9797.18628424,31.0343714963,249,9850
7174.84741909,15.9471293041,239,9900
12795.847294,502.478238446,249,10500
7131.91064007,6108.36064007,249,9900
14009.967904,64.2739991797,249,8700
7261.82510204,2274.58020408,209,8500
9382.0541257,997.407810363,249,9850
10174.2306088,21.1536857514,249,9850
17003.5714286,253.571428571,249,10500
8705.89252757,3374.79555368,249,10750
16896.1064889,2.56456273062,249,6900
8730.04331704,1621.75240539,249,10700
10089.9999802,4154.0000107,249,10600
8697.40826174,815.094124533,249,10800
10458.1694444,44.8361111111,249,8800
9802.25806452,632.365591398,249,10400
8884.21588947,2333.56694783,249,10400
8605.20693103,1605.20693103,249,10150
9338.83909605,37.177262661,249,9600
8320.32663057,1299.30784579,249,10350
9091.57856224,22.115596172,249,10300
7334.7826087,2982.60869565,194,7700
13184.822915,1.6188760395,249,8300
18012.8554055,38.8338711657,249,4100
6922.3880597,5250.74626866,140,5600
8462.5216631,2149.38511871,249,10700
7815.76576577,1464.41441441,173,7050
8911.47058824,2210.0,181,7350
8488.46153846,4103.84615385,233,9500
13051.8356619,36.4229232286,249,8000
10584.5251026,44.8454462266,249,8050
12663.9551916,66.6278980312,249,8700
7715.0,1161.15384615,244,10650
12663.5174457,37.8980392195,249,10000
11496.3366337,28.9108910891,249,7650
8282.36245955,1015.69579288,249,10900
8539.45220831,1359.43073637,249,10400
36261.7647059,101.470588235,249,6700
8862.95336788,4150.88082902,249,9950
7052.80970626,1.59642401022,218,6850
9305.08362484,634.256325877,249,10700
17347.4358974,8.97435897435,249,8050
11109.7285011,1.3442721853,249,10850
9119.50009606,350.302410951,249,10400
7749.50310559,3524.65838509,218,8950
14725.0,62.5,249,10200
9958.5758238,2509.54672282,249,9900
9648.61878453,723.377071823,249,10550
20696.4041096,45.7191780822,249,6700
15898.5663082,1.6129032258,249,7850
10210.3101556,377.055602324,249,10800
7588.913881,2304.8899358,249,10500
9758.91137798,51.980601091,249,5700
8225.6784781,15.5330026111,249,10050
8137.70953943,533.072953825,249,11150
9820.22565469,871.09263395,249,10250
9796.04810997,2059.96563574,249,10050
16993.0730763,90.9095422843,249,6450
8571.89873418,2776.07594937,249,10550
10452.2772885,44.7690975979,249,9950
10520.2118902,2776.54853079,249,10300
11663.7894737,949.789473684,249,10450
19821.8466829,37.3519094077,249,10750
19495.6557333,26.227288436,249,9300
6768.56528633,3011.08375924,132,5100
7937.73767399,1071.07142009,249,10300
13469.0328422,59.8622981675,249,9150
7804.4077135,1079.20110193,249,10500
10405.0883534,754.361632767,249,10450
13897.5063073,11.7380453401,249,8250
7549.44385027,1777.2513369,249,10500
7212.4327099,1.45316200215,249,8700
9657.10407877,40.7620003225,249,9700
8993.99961221,40.1372996121,249,10700
16406.5723794,16.3893510815,249,9950
9720.75914492,11.781136802,249,9850
7491.07222485,5129.96040068,211,8750
14818.7995321,11.7700358095,249,5800
9652.1036512,17.622682925,249,9600
9947.79410932,47.7940122584,249,9350
13004.3409319,29.2289161045,249,10200
9412.9348897,8.56361254854,249,6900
9770.74645447,28.0292380565,249,10450
8771.03030733,1866.33670545,249,10450
12612.2641509,2.83018867924,249,8150
11694.9335548,0.581395348838,249,6400
9990.8456486,1111.53530378,249,10500
7034.40212208,1718.00270485,164,6900
8717.32199359,2158.74469031,249,10450
10049.8982046,13.7565671052,249,10100
7188.70079924,976.200799242,189,7700
10300.6107134,1979.54343907,249,10400
6250.0,2093.75,163,6650
10830.6694414,44.3174189659,249,9050
12985.5714286,68.4285714286,249,6600
10843.8635466,6.37262236025,249,9700
12463.2890629,1066.47389512,249,10250
8892.50324675,5375.23051948,249,10600
9000.57257542,19.2181043221,249,9050
10731.2785612,39.8064653797,249,9600
7046.45988833,56.5529287821,224,7850
9456.62555449,41.6665647388,249,9450
8146.92431275,0.0317932283191,249,9900
9413.049895,1133.77167823,249,10800
9793.30327342,18.8161959973,249,10050
21074.8823529,49.8823529412,249,7250
10552.7933612,30.4405819742,249,7450
10070.2079938,584.322991224,249,9750
9878.43122612,6.70916379931,249,9950
9066.45021645,3046.96969697,249,10300
11217.127769,36.1387579187,249,9700
7429.34973638,740.421792619,205,8650
10759.4679469,276.908159877,249,10900
11585.1741084,1516.61914937,249,10400
12109.3983835,325.076010707,249,10150
7368.29597586,30.2184428279,249,9400
6803.91777806,587.686434779,176,7150
9656.21647477,192.221380429,249,10150
9619.81708231,323.495155362,249,10350
16887.4831081,64.5101351351,249,5900
14562.17975,489.286224722,249,10300
10196.6930595,28.9753612477,249,10650
9937.67672956,24.1547169811,244,9700
10531.3133003,828.145219964,249,9650
8386.22999729,319.562796069,249,10550
14332.814703,70.7213507779,249,5800
7082.15022887,26.6330209218,220,8400
9851.33939544,0.0165468343317,249,10050
7060.75404871,6.16478077274,248,9650
8696.45644949,1157.40907871,249,10800
9098.49943569,40.3632523735,249,8750
7531.32869451,1.49024843685,227,5600
10451.9936651,34.5115620208,249,9600
8227.09380498,316.86540413,249,10950
8292.52767528,34.594095941,249,8050
12896.1235796,32.194387733,249,8600
11120.5585687,53.5017768852,249,9750
10444.0787911,413.674170578,249,9950
9532.3469815,26.8434435568,249,10550
8738.59940646,1252.57769125,249,10950
7178.88814101,28.1768550988,244,9450
9191.6392344,912.517686402,249,11100
12138.7096774,44.5161290323,249,9100
7063.03735847,2095.97755862,226,9550
7037.88461538,4347.25961538,145,6150
11587.6508886,1879.74512131,249,10400
9540.60131972,274.477466501,249,10550
8123.94212571,2177.73499213,249,10700
27098.5300792,5.88274876798,249,8900
10821.5017065,9.21501706485,249,8800
8418.04085143,1217.02729676,249,10150
9275.83573495,5753.1595346,249,10300
9756.19544862,38.0472625916,249,10850
9310.17558578,41.6560437706,249,9400
9714.23011845,905.491377968,249,9950
8943.24798632,1017.87784441,249,10000
16762.9562044,2.37226277372,249,8900
9604.30463576,8.27814569536,249,6300
9617.64862632,23.0154465104,249,10250
10940.4361107,39.9365516133,249,10450
12801.532567,1245.97701149,249,10400
9186.53175592,141.077210461,249,9950
44071.56652,315.686262631,249,8550
10485.3723404,37.2340425532,249,8100
8419.46338441,419.689124832,249,10400
10414.9539908,14.2094516045,249,9800
7065.99924481,2564.84628555,221,9150
17244.4444444,19.4444444444,249,5850
11098.2703138,2934.15124698,249,10750
10372.4710192,44.4154084055,249,9800
8741.88299519,1400.20820659,249,10900
12594.0856621,5.10733167758,249,6750
8113.77533404,1258.44917339,249,10100
14970.0462102,84.5916842344,249,5350
16398.2145066,119.223057443,249,6850
9352.62302504,501.722609742,249,10750
12225.4599347,95.2056832829,249,10100
9347.82591207,216.476266333,249,10400
10050.1501505,31.2251336216,249,10500
10818.3096338,759.35161638,249,9950
24652.6066351,109.478672986,249,6850
8777.45421627,28.086799733,249,7700
12039.0819407,1.77582666039,249,8800
10227.3333333,7.33333333335,249,7300
7260.0,1291.3043479,249,9900
9028.78047352,24.1517504613,249,9150
26252.8085353,23.0338091539,249,3950
8679.03928598,540.39299777,249,10650
7323.78854545,41.9707727273,229,6300
10762.6666667,18.962962963,249,9800
9141.28052818,15.8803232696,249,9100
8772.93592304,1860.3811755,249,10400
8860.84243542,1560.44465692,249,10100
8702.18611312,324.969907742,249,10900
8080.15267176,19.0839694657,249,6400
7058.39647727,29.2298106061,232,7700
7452.07143507,215.146284127,249,10350
11684.9333333,9.6,249,8300
18294.1624365,8.88324873096,249,6200
13023.6012658,53.3481012658,249,9900
28675.8575138,186.736772725,249,7100
10213.9109276,47.6875378891,249,10050
9750.63792311,652.377839139,249,10350
8649.37827505,1344.86827787,249,10300
6994.58623216,8.67405365824,243,10450
10658.6351927,58.8383095109,249,10300
7124.84848485,1.81818181818,199,8050
6961.64196437,2126.02006152,193,7750
9696.0025103,50.3401274042,249,9400
9094.70470012,15.6206038008,249,10200
9929.38095787,30.5519425473,249,10100
7138.35904628,2558.20476858,221,8850
9656.80318999,492.645426893,249,10350
9224.24423684,25.0299842389,249,9850
11830.4259635,2.83975659229,249,8500
7005.77523413,4157.70031217,202,8500
8982.07865129,1884.24491136,249,9750
8507.91126067,39.7837706318,249,9100
7111.99854121,1224.03355215,243,10850
7119.38136995,2744.32421151,214,8350
8052.37399536,3004.9552152,249,10050
10352.7977,37.2416946705,249,9400
13353.553719,89.0909090909,249,5350
9106.81790924,42.4950446444,249,7550
7777.04891272,1063.93420036,221,8750
8496.89744387,51.6016871552,249,6600
15918.1338028,138.908450704,249,8200
10227.7027027,25.0,249,7550
9453.59114086,38.7066236992,249,10450
8461.66656143,4355.00187769,115,4400
23548.8270016,115.961957817,249,6800
9671.94066229,1606.03992382,249,9850
9733.97525016,262.610852428,249,10750
9580.26315524,1.31567878225,249,6500
8587.77474112,1262.7466844,249,10900
9060.37664855,19.4143725494,249,9450
9816.07666264,1454.19654824,249,10800
16124.7903483,51.368159204,249,8800
8102.38938053,427.168141593,148,5900
9265.21824599,13.0456737732,249,7600
9782.8,3448.6,249,10350
10930.9375,25.7291666667,249,9500
9933.80600105,13.8582915146,249,9100
7606.11940299,29.2537313433,180,7150
13659.0690909,59.0327272727,249,8850
9438.50806452,4.43548387097,249,7300
7721.99952879,22.000098591,184,7700
13546.4900662,35.5629139073,249,8700
7021.44230769,3507.98076923,210,8700
7310.7745128,2118.14490631,249,10550
8702.67850229,4683.82153681,249,10400
8115.26537895,824.000867834,249,9800
9682.62123118,771.292026873,249,10350
23689.4192635,62.223796034,249,5800
8068.45834054,33.8320027332,249,10250
14597.7198697,51.8458197611,249,10250
12436.7439698,58.429410486,249,7450
8649.00365606,1024.12014369,249,10500
7746.07547798,42.32125886,249,6600
13191.6666667,2391.66666667,185,7200
8332.58992806,4573.5971223,249,10450
9173.76525895,43.3525199905,249,9250
12060.0972305,34.4365733954,249,8200
9688.75002834,426.631739855,249,10100
7243.58974359,41.6666666667,163,5350
8507.72484544,1408.33312324,249,10100
11755.8439804,26.6230742851,249,8100
8820.39114059,506.703650741,249,10350
12391.5786755,953.157575359,249,10300
8574.49655515,359.231781641,249,10250
9491.41609301,3143.50822967,249,9800
10227.6565089,45.181497358,249,10300
9891.02865916,8.12180143295,249,10100
9455.45937278,838.17785778,249,10550
7984.63780079,20.9150347698,249,8250
10827.3935661,944.856468652,249,10100
8471.43642474,634.549220079,249,10000
10481.1403509,2710.96491228,249,10300
13424.2372881,5.59322033898,249,7250
9850.03112648,364.486547831,249,10450
8861.66532582,24.3362831858,249,9950
10095.4741379,1695.47413793,249,10150
8026.04918525,1417.16393934,249,10300
9859.34282222,16.4856793651,249,9750
7415.48237536,655.695701897,161,6550
8447.95570698,20.3577512777,249,8500
10487.6884422,29.3969849246,249,8600
14147.4452393,62.7737061072,249,7200
11605.9668223,37.9618083858,249,10100
19056.875,94.375,249,8200
9479.51998439,640.698238857,249,9750
8387.12300946,34.8653518906,249,9900
9272.3422772,1446.08114773,249,10200
9916.07864891,1248.12246811,249,10850
13797.9365079,395.396825397,249,10100
18255.0387597,53.1007751938,249,7550
11698.2547909,428.621546494,249,10500
7273.77192982,3175.0,144,6100
10322.5806452,425.806451613,249,10400
8481.02629042,0.303028417164,249,8800
9678.06678192,41.0704884671,249,10350
19991.6856567,154.250289555,249,9100
10885.9764259,1766.63511115,249,10450
18820.3146853,52.4825174825,249,10650
8653.22101996,88.316107105,249,10500
9770.12581547,265.232991612,249,10250
18403.0048077,74.8798076923,249,5750
14320.1343376,12.4402788527,249,9100
10407.5264593,304.728981015,249,9800
9201.2195122,11.8804091267,249,9550
7807.85702983,735.811228598,249,10750
8052.79414359,2099.01096839,249,10900
9536.09963388,31.9718883165,249,10050
9758.92615101,2123.04148938,249,10300
16308.083517,71.09,249,6550
12571.2983075,45.4724194816,249,9700
32292.7378854,7.59088341986,249,9600
7422.4074037,589.07407037,249,10250
15307.3947368,1078.71052632,249,10050
9008.31111936,384.951423949,249,10350
6777.22109563,3.12510165663,241,5200
9392.49024116,1508.13912339,249,10100
8819.68926966,39.7308348576,249,9300
10210.3208556,32.7807486631,249,9150
11202.9642884,0.779725911001,249,8050
14845.9543568,60.8921161826,249,6550
13783.5,25.1666666667,117,3250
14091.3990826,3.78440366973,249,8700
7955.0335567,6028.85906005,249,10250
10881.4008652,40.2955924297,249,9550
8360.09026759,1924.62337812,249,10150
11907.025788,13.2375737578,249,7800
9710.20318021,20.6272084806,249,10100
11618.8429752,41.0743801653,249,7350
9722.05034318,3908.38563777,249,10400
10902.3280539,34.4311377246,249,9350
12603.4212882,26.3158850021,249,8950
12585.326087,64.7256728778,249,7900
10588.8200799,23.9952380241,249,9050
10203.5294118,1620.88235294,249,10650
8201.19680851,1.46276595745,249,6450
7825.22177419,177.338709677,249,10450
102221.14092,207.718101017,249,3800
10280.0,0.851063829789,249,6100
10525.6166536,50.7998629854,249,8650
10680.7003931,32.3810178159,249,8650
9478.33827893,2091.98813056,240,9800
9416.9498724,43.2704287282,249,10200
9396.48026012,9.56764259283,249,10700
9672.97552162,1692.21046532,249,10250
8361.3047463,2766.2358523,249,11350
10405.6145004,24.1821396994,249,9900
7441.3304721,5.70815450643,212,7700
8213.03724928,5233.09455587,249,10400
68565.3349503,31.9995640903,249,6000
10854.736453,30.6089534696,249,8750
10532.5923295,1320.234375,249,10900
10469.4756398,3.8077247191,249,10100
9859.9981831,1615.84232058,249,10650
7269.8572109,0.94612888561,175,5650
7723.47328244,3891.60305344,249,10350
6447.20234863,2583.75239215,180,7100
9090.23103428,1174.86205634,249,10750
15890.6972083,129.457193716,249,10200
9833.60465116,42.9069767442,249,9000
10356.9591446,1279.52811702,249,10600
10962.9691877,16.7507002801,249,8350
17974.7244159,58.8707361716,249,8300
8487.22044728,9.58466453674,245,9150
19824.9543314,8.65256863912,249,5550
9185.20946188,987.733691335,249,10550
8626.26883813,734.621589912,249,10650
10579.6036618,42.3582306598,249,8650
9559.24528302,4439.43396226,105,4050
10761.3592233,49.7087378641,249,8500
9654.35947352,32.9443048406,249,9450
9399.60571663,43.1102058001,249,10400
11750.6493506,55.1948051948,249,8300
10650.1327716,49.4231754228,249,7350
10752.3499649,392.761074877,249,10300
10166.6482155,0.442261157249,249,8500
21349.1477273,99.1477272727,249,5500
8302.97267275,25.6186539186,249,9100
8614.36879448,846.752673488,249,10400
8464.36864459,37.5812130871,249,9950
9482.85600636,69.8488464598,249,10650
10376.8553986,2012.69340796,249,10200
10817.0297618,51.5076891651,249,10100
7706.57894737,42.9824561403,249,8650
10682.5376205,32.7853571289,249,9700
7989.32926829,5887.19512195,249,9850
7987.93718542,47.9001224941,249,7250
9449.41338756,17.0521259792,249,9750
13272.357653,27.2221031491,249,9250
8876.72666598,2738.53787277,249,10100
8906.11536003,1691.55767085,249,10450
10018.7794636,37.6457240679,249,9900
11135.2765205,699.604375645,249,10750
9965.44592531,826.043022893,249,10250
9701.64228491,915.826630851,249,10150
10508.7501074,968.124460298,249,10650
10339.7336293,1095.94894562,249,10450
9292.88281255,1900.13299993,249,10200
7329.44508155,3102.93822386,193,7600
71554.9019608,10.7843137255,249,5250
8011.27694099,1284.45148642,249,10600
9866.31829449,1692.13484888,249,10100
8268.60662511,990.796881442,249,10700
13110.2702703,18.9189189189,249,7800
7342.42202456,42.5061943815,249,10600
8633.7599515,22.2852073852,249,10300
9048.90523217,788.765895853,249,10650
9174.27070068,61.181582505,249,6300
8600.02033526,0.682918046339,249,8000
8126.71618921,2132.8637121,249,10400
8989.21350536,194.891232418,249,10500
9686.90095847,953.674121406,249,10650
8493.69284938,322.880080733,249,10200
10330.3579576,542.09735304,249,10300
11220.0123461,41.8632197314,249,8900
9322.75509673,2449.72663916,249,10350
7173.70689263,42.045450627,232,7000
10806.1197285,1940.51812885,249,10150
10017.8680203,22.4365482234,249,10150
10376.3742982,373.112225108,249,10350
7301.61951623,493.724459901,193,8450
9439.84375,459.375,249,10450
9717.35016562,33.1230362776,249,5400
9321.86507937,123.452380952,92,3050
8416.66666667,2594.44444444,155,6550
11021.2030075,1460.15037594,249,10850
13522.4817398,1.44566301096,249,8150
9463.41083405,1982.08587544,249,10400
8954.74234889,2187.80388521,249,10500
10333.0635517,1668.83685918,249,10300
11733.505374,14.9251688143,249,10400
15505.5405676,46.0811081081,249,6600
9481.65172772,341.143960102,249,10600
10983.634473,38.8045353301,249,10550
11009.7840756,3334.58164642,249,10350
9796.955,45.755,249,10200
10249.3921941,52.6742038087,249,9500
12054.6963181,13.8090679304,249,8750
7722.93485561,4241.94089993,249,10450
11419.9681147,4.81406498189,249,9350
7067.87439614,3334.05797101,142,5900
10868.2512256,331.509022298,249,9850
9881.28200925,511.152923207,249,10200
10594.8765604,7.80276061328,249,9800
13244.1211324,187.711648442,249,10150
7988.0794702,2372.18543046,78,2650
13330.007248,40.2187997348,249,4900
6211.64888184,4.17224632844,236,6300
9210.37935375,248.288882283,249,10350
28501.9894438,73.2440113683,249,6000
22174.4447829,7.7781161996,249,6650
8963.34488735,3029.54939341,249,10600
7152.94043519,1852.94043519,243,10600
8789.69507799,1018.19082829,249,10400
7406.45867698,2948.81368576,169,6800
9149.65909091,371.659090909,249,10450
9541.88066997,56.5670109006,249,8550
9791.82800601,274.388888047,249,10150
8919.03797364,21.130232943,249,9800
12133.9694457,7.3734415281,249,6900
8687.46868653,10.3853531932,249,10850
7994.39102564,20.032051282,218,8000
17455.4896142,7.41839762611,249,7350
12265.0991013,3400.16368891,249,10400
12539.3153942,201.037385892,249,2050
10106.5918704,22.2204071551,249,9850
9319.81055172,1.18736065996,249,8850
9605.78707716,8.79372430881,249,10250
9694.53138494,69.5313849384,182,5500
9286.07292133,51.8388311481,249,8150
8210.64516129,960.64516129,192,7750
8008.98214165,8.19531020381,249,10100
10816.9784615,583.130578925,249,10350
10020.8695652,19.1304347826,249,8100
9237.58301942,639.741894453,249,10100
6987.72367298,4157.33587628,249,10300
9125.38832785,866.02430523,249,9800
13566.9088159,70.7102437286,249,7400
8905.89334418,2067.08757813,249,9600
9896.80154059,3952.51980375,249,10700
15303.6259542,21.1832061069,249,6500
9800.50371327,640.300851483,249,10500
14982.127031,14.2540620384,249,8850
7311.72086586,923.077857101,217,9350
8028.7103302,338.467775251,249,10300
15449.6236663,43.9197609874,249,8750
8212.98072915,1665.98956139,249,10500
11622.4030038,5.38172715896,249,10200
7143.16176471,984.779411765,199,8100
10784.9157879,924.778007517,249,10650
7137.5,1055.14705882,225,9400
9076.91107859,959.714104959,249,10150
23047.1380471,52.0202020202,249,4550
8181.13750548,3.40676513547,249,7000
9732.80144806,0.415956492092,249,10550
9520.52299818,19.711680997,249,9800
8404.5723007,2359.80000986,249,10100
9775.36215727,1514.52849962,249,10450
9052.03362739,1483.63032243,249,10400
8388.68956733,22.1277823601,249,9650
10934.6288877,972.585073589,249,10150
8483.69849622,3266.64740508,249,9600
9786.92468619,765.794979079,249,10700
19860.1694495,36.4405469573,249,8600
9997.75198497,256.077328753,249,10700
10062.6329404,1122.0506022,249,10300
9338.57164105,1.59603643596,249,9300
9814.807188,8.57864828939,249,10200
7077.04196887,1126.08510851,221,9250
9715.87067018,1080.19691716,249,10650
9801.34959112,6.59699105788,249,7650
8464.66030989,2037.48510131,249,11050
13696.6033966,54.995004995,249,9450
10215.3667325,266.461272927,249,11200
9260.35985807,1594.2586995,249,9750
9022.01235993,954.42873007,249,10050
12478.6134174,3364.85474319,249,10400
9055.23480514,29.4889487889,249,9800
7255.01792115,1435.5734767,190,7750
13311.3793445,2863.10348844,249,10100
7537.16370558,1489.95558376,143,5700
9598.94779131,541.230367648,249,10550
23339.5408163,13.0102040816,249,6000
7496.42881239,4196.42756083,172,6600
9028.12214075,572.4893432,249,10300
8389.2088722,4214.13252711,249,10500
10502.1645568,414.295676796,249,10500
12472.876304,79.433681073,249,6750
10050.6041474,1813.20146123,249,9850
9631.11111111,5.57065504836e-12,249,8800
6951.68006446,3.19956132351,235,8400
8800.63291139,533.544303797,249,10500
8317.97775605,1161.01609928,249,10550
20954.9996794,1802.39190676,249,10850
11326.0344653,2006.83739465,249,10250
12645.2452452,45.2452452453,249,9450
11542.2733441,993.565454383,249,9950
7760.90909091,2557.27272727,249,10600
8705.46875,33.59375,249,9000
30929.2152845,56.072185982,249,7950
7408.50175605,3665.32808453,249,10600
7005.44579251,3283.16893333,133,5150
8623.42452603,2443.17633584,239,10000
9379.28974632,24.3947133642,249,8600
14924.4548834,25.7919186926,249,8200
9687.92741448,41.6936701534,249,10600
23471.8594789,74.1441099451,249,9200
10323.5123088,22.5684655335,249,9400
11212.3115766,157.506300251,249,10250
7752.37341772,26.4240506329,233,7800
7449.85060757,1137.59961155,209,8450
12804.4720497,14.4099378882,249,8800
8779.53812653,6334.58698656,249,10650
8963.30499126,15.0421272541,249,10000
16387.7777778,54.4444444445,249,9800
8780.71248019,8.54195511855,249,9200
9955.59299105,45.8215648264,249,10300
8926.49295479,855.91796766,249,10300
9592.27366599,1053.17399157,249,10350
8616.14285714,1837.57142857,182,7300
11528.5886441,752.870296224,249,10750
9663.49523727,2459.27346578,249,10250
13787.8365099,51.0963016446,249,8500
13776.0469012,54.4388609715,249,6150
8488.125,546.71875,222,9500
10130.554011,99.6016300366,249,7150
7547.25663717,1476.63716814,249,10300
10368.8092345,29.1980558931,249,9150
17171.6182013,355.287087259,249,6650
9390.49035898,23.7608054467,249,8250
8040.49378084,72.4238243832,197,6000
9557.50550737,1101.92602145,249,10200
21847.9967949,63.141025641,249,7250
15739.5563724,1632.42513596,249,10400
10318.8269401,289.72262928,249,10900
9137.27916667,3391.44583333,237,9850
8742.41486068,373.99380805,249,10200
11847.345679,12.1604938272,249,8300
9822.9503389,48.0281908502,249,9300
7282.32323232,103.535353535,185,6900
13488.410596,80.4635761589,249,5300
11461.9172795,26.7557122858,249,9950
33370.0006959,99.0479124381,249,5450
10034.3904233,29.5504837715,249,9200
7334.43643662,3544.32807565,249,10550
9560.2049277,392.251565037,249,10700
6890.29126214,5302.10355987,185,7550
6866.98121596,32.0755544667,196,8050
9585.52649135,29.1217454501,249,8900
8999.71803197,111.464479887,249,10250
7966.70560748,3835.86448598,249,10400
8940.48904544,638.707250415,249,10700
7784.78170161,29.1824754805,249,10450
7598.25839317,356.557243575,200,8050
12513.091331,10.7692376623,249,7800
8194.78918796,865.249834207,249,10800
9118.8332329,1.34821242512,249,10450
8500.39518565,173.684556573,249,10300
9812.27810651,3865.53254438,249,10050
10327.548266,19.2669506708,249,10300
9715.32907456,9.51563886949,249,8800
11213.7982196,32.7893175074,249,7850
13134.9785408,56.4377682403,249,9300
9470.49509447,3106.04442967,249,10400
7444.48761691,2.79098513106,249,9750
7113.35809722,2557.56583774,240,9350
7307.26495726,1469.08831909,126,4700
23143.5287018,84.7057214126,249,7000
9303.41976187,1047.11110352,249,10250
17057.5324675,4.80519480519,249,8300
7126.79310345,1618.17241379,249,11250
9874.68672515,103.592322473,249,8600
9384.40360939,2504.46690956,249,10150
8755.36031109,2284.40997535,249,9750
13465.9934691,36.3517752443,249,8100
9705.97671084,41.598232176,249,9100
7571.44211891,9.42440860215,249,7850
10629.7866205,5702.6816609,249,10600
9574.38551403,0.412479100178,249,10150
7165.64705882,1.64705882353,198,7650
18292.4251156,19.6970444127,249,6700
7118.0741053,2099.02454146,235,9650
17133.4736463,31.6845409809,249,4850
7525.69721116,1250.79681275,186,7500
9025.10191882,2478.86296596,249,10600
10519.0637583,18.5373290074,249,8500
10451.9248666,9.60260666173,249,9700
7196.80677304,3637.19892991,242,10150
11130.2084075,42.5384174056,249,9300
11010.4688052,44.5235128886,249,8300
9994.64132723,897.996141435,249,10350
13935.6104651,1810.46511628,249,10350
9161.34920013,551.09188297,249,10800
11281.7556282,6.02413080895,249,7600
11738.6859504,955.02992163,249,9950
10504.4153925,18.0703393295,249,8200
10638.6180738,50.7230447813,249,8650
11424.5265897,7.83894242416,249,9400
11821.2590168,48.4906225288,249,10100
15685.5686957,33.9165217391,249,6550
8783.89092707,290.311757848,249,10700
10955.4890903,2880.34329649,249,10150
7436.28598602,1221.99836012,181,7250
8050.9273061,33.71920729,249,9750
9685.76935756,0.84642004547,249,9150
16643.1506644,11.6438150382,249,8550
9881.23800552,2.93590120262,249,10350
10627.0,62.7142857143,249,10200
10446.3925457,48.7886622421,249,9600
8411.09934063,28.4325233205,249,10650
9065.51902506,0.741766014708,249,8650
9510.47064571,31.9470395795,249,10550
11185.6836142,1138.92938906,249,10700
10523.5414588,44.9537133391,249,8500
19488.9663967,24.1783685446,249,6000
8210.67768412,2473.20871936,249,9500
7081.89989287,4256.15001987,151,6350
8967.11178865,457.890210314,249,10850
10933.8375823,660.350321125,249,9850
14627.7070064,44.2675159236,249,7200
7550.37824786,3852.99143039,206,8400
9435.82880707,1887.56409354,249,10550
14154.0306327,794.132736005,249,9750
10661.0753023,24.7188020917,249,9600
9451.44899886,1270.70805603,249,9950
8731.80758892,40.3790174927,249,9800
7658.2706337,3656.24466575,249,10250
14210.718018,64.1301133484,249,8700
7959.88907233,914.18334561,249,11000
10123.0501908,616.208594575,249,10450
12826.8312102,41.7993630573,249,7750
9515.84783651,340.822531466,249,10100
13702.7111717,49.1689373297,249,8450
8696.48615121,1531.43672556,249,10500
9805.03079663,41.3486126687,249,10300
8799.27198881,606.40669992,249,10850
8574.17417417,41.7417417417,249,9900
8222.42601382,428.839628977,249,10500
8901.8601355,821.67691872,249,10200
9406.04265403,58.2938388626,249,7750
8857.20294653,1185.41776622,249,9900
11938.4352053,23.5629425182,249,8700
8706.76541598,2005.39673407,249,10150
9943.22883929,14.6399649353,249,10000
9241.43838297,17.2872250035,249,9600
9707.33507472,10.4014332495,249,9750
7262.83068783,31.6137566138,236,8650
9132.71496256,106.152292003,249,10600
12691.233141,3008.59005119,249,10200
8883.49985448,3967.18483103,249,9800
12608.2432432,49.6846846847,249,8200
9745.40703518,20.9849246231,249,10100
10359.0851888,3874.23523717,249,10650
14306.2317478,65.9201606621,249,9050
12309.6138078,1494.54119057,249,10600
12461.3228009,459.565743656,249,10350
8513.34196891,4022.08549223,249,10350
9646.74914559,1374.78941598,249,10450
20236.3156125,42.8945598957,249,7450
13630.4168542,23.7522016081,249,7850
12736.7314521,47.5144832742,249,7000
8759.01764006,21.4888603223,249,9900
9443.84386637,13.6636861862,249,5300
10818.5208876,1.52070013322,249,8700
9228.63416342,634.210306187,249,10300
11662.2036262,51.3249651325,249,7500
9968.31306294,85.9197232773,249,9250
16907.4657161,6.79503857112,249,9000
8838.15591303,2006.77272815,249,10250
9037.34130398,605.20585829,249,10600
8297.21452991,1193.29136672,249,10200
10745.1734539,10.2957773774,249,9750
9329.80364656,1873.35203366,249,10050
8551.44022796,1557.01555386,249,10450
7723.29787234,10.9574468085,249,9850
7065.64662607,2491.20287037,228,8550
10255.5376994,37.631708912,249,9000
10432.0648932,1127.05937489,249,10550
7438.7821328,2318.04648756,249,9750
10604.4953684,36.8745645001,249,8750
10181.8515429,29.4062509207,249,9750
10777.545064,2533.25211229,249,10200
8482.04196377,747.967070258,249,9900
8586.86289451,35.5535162302,249,8450
10922.0188608,32.7173478341,249,9200
8638.68660374,9.59736230338,249,9950
15514.5995849,4.59958494096,247,7050
11570.4903418,1031.4115899,249,10400
11736.4963504,3816.78832117,249,10850
10222.2312944,30.6914391575,249,9300
9123.64762096,1128.85772975,249,10900
9527.90301095,2207.97732436,249,10550
9411.84400863,254.961147141,249,10350
9115.97708077,14.7639520663,249,8550
6612.5,12.5,208,4400
17267.0736347,2.43890701284,249,7150
9317.39964367,10.0521657704,249,10450
8492.66000464,1050.22593546,249,9900
7354.01625866,1845.75514014,198,8450
17636.6672707,0.00293429716262,249,7150
15444.1280294,64.4909400375,249,10200
11051.8247721,193.077390628,249,10150
12548.2289139,48.3253588517,249,7850
8210.64599211,1669.16287904,216,8650
9265.50195662,2727.02037356,249,10200
9731.10680555,13.0170959087,249,9750
9352.54990861,1113.77467119,249,11200
12025.6756757,59.4594594595,249,8050
8663.97024114,1534.45925097,249,10450
11058.6896607,49.2545880738,249,9150
9607.78074063,4.33980858427,249,10300
14675.4114176,1039.12122934,249,10550
29857.6094288,186.956374482,249,4050
15958.2278481,62.3869801085,249,6700
10458.6526256,751.257964949,249,9900
10508.8570953,15.1159571347,249,9700
8650.84829218,271.565267747,249,10000
9100.86223802,20.1078351571,249,10500
11392.6046054,906.738607892,249,10350
7543.52941176,6503.82352941,249,10100
8230.70607644,2352.47968896,249,10500
9184.76563635,23.0717663865,249,10000
17009.519573,52.4021352313,249,7850
10579.8256613,24.9540390756,249,8250
9014.2099832,35.5592902142,249,9500
13297.5746269,47.5746268657,249,10050
8611.96698371,29.5351014794,249,10300
9703.74908209,2643.27054654,249,10400
9916.21024223,27.2533122815,249,9700
8749.95377186,2126.90105238,249,10550
7110.21978022,232.637362637,218,8550
9080.41169746,12.0722415018,249,10100
9263.17991632,87.4476987448,249,4250
9496.37915649,103.162680268,249,10250
10746.36,138.36,249,6000
7787.57260282,1138.66467875,249,10600
7041.51350802,1082.92922957,194,8550
8621.71640351,356.425742593,249,10650
9088.15426938,462.398236823,249,10550
17299.6726901,7.23466101336,249,8850
9464.71337858,23.2936931844,249,9950
11146.4364035,2135.58114035,249,10350
11609.1410965,27.2141267165,249,8850
9154.9214319,1559.91505802,249,10450
13778.2670455,40.7670454545,249,7850
7838.09349773,1220.89089616,249,10450
13005.4211479,2408.62497655,249,10650
8191.25154589,300.808127035,249,10550
11334.2175129,26.574070565,249,9400
9618.39918224,641.680349696,249,10600
7721.42857589,34.91071875,249,9850
12121.9715638,40.5821898269,249,8900
7218.69632709,3391.68617877,156,6400
15942.2018349,962.385321101,249,10400
8489.95831319,1867.65514953,249,9850
8420.92592593,87.5925925926,134,4500
7058.1114576,3473.06320342,133,5150
10301.8903607,21.7593828089,249,10100
11688.468494,1759.53594799,249,9950
8129.93680885,1948.26224329,249,10750
8876.88518784,2834.85931286,249,10500
6934.8564753,3.32504773874,222,6050
10370.5045278,24.9676584735,249,9150
8097.17391304,1717.60869565,249,10050
10531.3409693,1720.3222583,249,10200
14107.586349,55.3828197598,249,8850
8558.49893464,2191.51658129,249,10300
8916.63637818,32.2191160404,249,9950
9683.50439883,2325.14662757,249,10200
9506.06609787,773.055839003,249,10000
8984.03234829,1846.48548553,249,10200
9873.18532875,36.3336770659,249,9450
10381.7262675,463.148848045,249,10500
9027.68022204,1445.68601496,249,10800
8368.17818692,28.0005853039,249,9850
13059.0814196,42.3799582464,249,8600
9849.67091291,9.9810769484,249,9800
36541.1238232,68.4109657371,249,7050
15242.7002986,85.9890985242,249,7600
10313.7921339,958.564783531,249,10800
11270.4797048,2.21402214022,249,8700
9666.52279078,1583.90823575,249,10000
12587.7539464,16.3450929773,249,9500
9310.03313835,0.273815928435,249,9300
8550.26014825,298.208618955,249,10350
20119.6153846,23.4615384615,249,4750
23396.3823569,47.6969759695,249,8450
16779.6097639,16.4931213381,249,10300
11579.0504637,868.576102946,249,10100
7819.21760391,255.036674817,213,8250
8787.19641182,366.063244252,249,10400
8279.54691653,2619.58414218,249,10850
13277.5032289,27.3858125294,249,7250
7219.08423977,2439.13871904,222,9100
7909.42501203,1084.07694397,249,10100
9778.35904841,25.3448414465,249,9450
7665.85363525,39.8375267433,249,7000
14840.5405208,55.8009030982,249,9850
9500.49462744,980.495776736,249,10650
8619.37373683,31.3228813441,249,9050
9322.02122071,776.392791429,249,9950
18296.5254068,44.3220169491,249,5600
8534.62070076,15.6817992424,249,6500
14371.5514168,6.30622582905,249,8500
9255.96395273,2169.77108772,249,10450
7778.95287958,3.4554973822,241,8400
9486.66447761,291.726125892,249,10150
12446.6455696,25.7594936709,249,7850
9010.19291278,627.32375188,249,10200
9239.10818713,4719.88304094,249,10550
7996.77774765,1960.18862746,249,10850
7171.49346148,11.6808292626,248,9400
9462.15970748,28.3384934713,249,10200
7050.0,11.5384615385,202,7500
9854.33000678,133.736058748,249,10050
19682.1872141,12.187564138,249,5600
11726.8407125,4.65942670048,249,10050
9757.42978081,467.707699377,249,10600
7267.51269628,94.9238637899,203,7850
12313.3333333,2113.33333332,249,10200
7473.30383481,1.03244837758,209,7300
9715.2168124,37.8341501989,249,10350
16038.0,38.0,249,7000
9820.76462111,20.0477966256,249,10100
10079.4524406,3810.99186483,249,10500
15075.2808989,291.011235955,249,10200
7059.67528672,3073.87932917,219,9400
286734.72371,5681.29171884,249,2400
11758.9808116,1075.76213408,249,10450
8632.00368383,47.6455327007,249,10550
9642.57784111,35.2134408016,249,10350
11627.0199194,40.7863145284,249,7600
8149.54206569,4291.54241022,249,10700
9607.62445403,31.2959403813,249,10650
21284.375,34.375,249,6800
8784.38538206,46.0132890365,249,8350
9735.24555346,1760.33961761,249,10950
10584.2584167,17.2429481347,249,9850
16318.5933164,26.8733209991,249,6850
7053.82301976,32.1735352234,210,8400
8053.03038323,2419.42826068,233,9800
8332.80902753,570.172645988,249,10650
10098.4773869,18.175879397,249,10050
7200.61998308,1545.60151128,203,8650
9309.86889857,1377.08323204,249,10400
23283.33125,1451.3,249,10350
8280.74742454,966.264640021,249,10050
9821.4772702,13.103105252,249,10200
8834.41186373,625.076794333,249,10450
8939.47566666,99.9183866742,249,10650
35635.5383759,237.122522762,249,5850
7993.27731092,805.522208884,249,10200
10349.5540114,19.7267302251,249,8550
9562.76582936,5.85093574593,249,7950
8599.98693042,1865.8495034,249,10650
9232.19558899,12.6824366505,249,8750
7186.12069341,594.098916484,222,9150
9534.24064832,998.403219237,249,10750
10426.3366963,805.619604838,249,10400
9120.44953992,10.8388922549,249,10300
7104.86061663,31.9443709749,177,4850
10286.3815803,662.261401442,249,10500
9671.86853018,76.6927177162,249,10050
10620.7371057,3010.61425553,249,10600
13523.0215827,1.43884892086,249,5250
11667.7945922,6.11337191068,249,7150
12424.1839852,0.682501483686,249,9550
7165.45534151,4079.77232925,193,7450
7323.55396871,3207.85136757,202,8300
13873.9238193,6.83602390372,249,8750
9913.69288157,54.5752127274,249,10000
9768.32772604,36.3519773615,249,9250
7059.04806786,741.894439208,205,8750
11326.6666667,35.5797101449,249,9950
7698.55012659,3943.41985714,249,10100
10382.0175357,3.78691703052,249,10100
11353.7617649,50.2066521845,249,8850
9343.0,1.0,249,8650
11467.9310345,5.86206896551,249,3000
9424.98689542,33.7468673462,249,9500
10150.0,1422.16494845,249,10200
12199.8768273,398.549707199,249,10300
7211.30434783,1718.4057971,186,7550
7351.94067629,6.05040509735,148,5850
7819.57006716,102.570221081,249,10100
9872.16718714,14.8103505395,249,9150
20077.1394351,26.6891648294,249,6400
11256.1783403,50.3619531941,249,9450
10324.5457159,1130.23394777,249,10650
18074.5608789,2.84053368244,249,8750
8549.39174958,787.11104219,249,9950
54944.0677966,28.813559322,249,4050
9470.1949,813.449137288,249,10150
7950.06916358,795.881703011,249,10800
8982.54060534,3132.23315432,249,10150
10413.7741841,91.4788809992,249,8850
8507.3021052,465.998368591,249,10200
21867.4841772,59.7310126582,249,9250
18610.3382693,40.7171302483,249,8150
9026.82779345,62.2046233611,249,10500
12880.678722,31.0169525424,249,5550
9922.95448041,0.579101656699,249,9850
8812.13237304,2.85402439399,249,10250
30868.1371274,30.3920293379,249,6650
26668.7951807,34.2570281124,249,8000
9250.15629123,1048.60466768,249,10100
10550.0204358,10.2359496202,249,10000
11789.36385,6.3317196576,249,6100
7246.13970588,2686.39705882,249,10250
11134.5861597,867.608860517,249,10650
13645.5963624,15.5963623853,249,5450
9052.61903488,2770.29837797,249,9950
11323.5930264,325.52477141,249,10000
8338.45170586,2432.2347555,249,10700
10609.5273464,469.250506415,249,10750
9259.55032033,676.522186865,249,10400
12783.5828471,55.586597953,249,9350
7202.99628216,1316.68564378,245,10600
10616.182556,285.150605949,249,10450
9608.7212886,87.4213269981,249,10450
7315.62294569,1883.00976021,249,9950
8830.53323827,1761.7343472,249,9750
10866.3256255,19.204221897,249,7850
9317.72856696,1667.42862143,249,10400
11375.998703,5.75226977952,249,8300
9862.84153005,20.218579235,249,7900
12831.8567322,4414.07777397,249,9900
6500.0,967.647058824,234,10450
8366.56224884,25.6774170836,249,8850
14010.9885932,9.08745247148,249,7500
9121.86776328,13.1882061985,249,10600
10497.5279851,359.934701493,249,10500
12897.2975685,39.1900433775,249,8250
9700.55195343,1015.70211505,249,10550
7714.93852619,0.369524664144,208,7600
8296.36524823,700.620567376,249,10200
9287.8074566,45.3054497638,249,9450
10041.2414966,12.6700680272,249,10400
11048.6973948,1070.14028056,249,10100
22542.1058621,103.216195471,249,6650
9427.94263974,1683.39999665,249,10850
8112.97046479,30.7341933524,249,10650
15929.5404814,60.3938730853,249,10200
7641.15100183,1708.61038681,156,6500
8145.57028026,31.083854654,249,10150
22007.1431444,84.6945103901,249,6550
9886.90562609,10.7998529763,249,10300
8514.08128733,610.2735795,249,10650
6969.66816739,5031.66816739,129,5100
7210.0,4076.61764706,187,7450
8045.27363184,3754.22885572,249,10350
10800.5797101,44.9275362319,249,8550
11054.3843343,44.4375166713,249,10250
16555.7819704,51.7672178519,249,5700
7847.13495337,1.07478040876,249,9450
10506.5297475,149.703581489,249,10550
9127.6103203,1112.37954683,249,10850
10978.0464678,4.33785494618,249,9950
10626.2445384,46.2417184088,249,10150
10155.052919,36.1319819852,249,10450
11493.5438677,39.9579365689,249,10450
11821.8747139,1129.57977901,249,10600
8803.50877193,1.49569245878e-11,249,9650
10373.5412567,50.9496246323,249,8900
8218.67720584,1197.25179779,249,10050
9537.45349674,2348.79134131,249,10500
9336.09732694,140.600069315,249,9950
9273.74985596,39.0902192692,249,10450
11893.4303929,2599.66986807,249,10650
12904.2381786,20.5253940455,249,9150
9892.54407802,4550.43842168,249,10500
9448.49960117,42.2922406132,249,9550
12806.8090692,2238.78997613,249,10250
7767.97916868,0.897463137276,243,6800
15851.1370657,16.6771794062,249,9100
9931.20629916,13.8812895104,249,10050
9314.49286114,10.7726162858,249,10500
12211.3738739,22.4099099099,249,9050
10165.1447821,32.7763640606,249,10300
9088.24687893,10.9748337547,249,10150
11060.4289932,1522.4870394,249,10600
9720.2950441,405.753704648,249,10650
7297.71513048,3774.79708492,193,8050
10579.193343,28.5553209182,249,9200
8613.14273862,1240.29817015,249,9750
7082.30088842,1130.7524792,189,7350
13521.1538462,35.5769230769,249,9350
1950.75766413,1945.74411033,227,9150
9053.53698039,3.45924491093,249,10850
7093.72781065,0.23668639054,212,8100
14871.7675899,45.1775773142,249,9050
12972.3179595,1325.7420234,249,10400
7644.92647252,48.3656250593,243,6900
8358.74838747,968.923443665,249,10600
7841.27738537,2650.53817312,249,10450
13112.0,57.375,249,9050
9647.58384109,15.7647954496,249,10400
18979.2738589,82.3858921162,249,4850
10120.6684523,42.6399658005,249,10150
19262.606383,32.2872340426,249,5150
16636.7893771,74.3326728268,249,7550
9324.19715108,39.4749288618,249,9550
7806.0643717,934.070376571,249,10900
50205.1522386,211.763006081,249,3850
14977.15625,47.46875,249,9750
7097.89215686,1617.5,249,10000
9340.51364311,17.1738283951,249,9500
9021.92612611,26.672080894,249,9450
9670.32285692,37.9387870099,249,10200
11924.7248095,43.6917866215,249,9500
15172.1195154,3.10635159431,249,9850
8237.94332132,1925.94291301,249,10500
9703.07526297,0.956928414897,249,7850
8604.56846315,2419.53731387,249,10050
9137.08666379,3.44021967901,249,9400
12384.1498559,982.132564842,249,10250
9509.03094885,1801.11060681,249,10400
2185.53079938,135.615746368,242,9900
10170.5759154,306.688528098,249,10050
11403.989015,1125.30101381,249,9900
7887.73805772,38.6631355134,249,9400
9570.70808951,39.5791649967,249,9350
9520.25353824,1345.13086152,249,10850
8824.84876982,37.6256309562,249,8650
9291.84844824,10.7528163397,249,10250
9693.21160911,1250.41808493,249,10150
7174.75961538,3018.75,145,5650
9681.32677808,7.32991071755,249,8200
10838.16359,39.8809430454,249,7400
10257.5618559,40.6496932988,249,8900
14900.6076493,48.7380047249,249,9250
8852.03999908,76.4363748005,249,10150
10237.6132931,8.61027190332,249,6600
9384.41974228,38.9154291024,249,10400
9394.7558945,33.3040921895,249,9800
14156.8310597,1.70069731625,249,6800
6986.23106378,2838.51882621,234,9500
11557.0982035,50.9637327845,249,9050
9270.22334439,35.7733085283,249,10500
7627.56834373,32.8055053288,249,10700
9826.28773303,1.39742039191,249,9800
9851.26310154,2.09006029614,249,9700
10889.1323064,109.421946655,249,10300
7595.20661157,7.10743801653,249,9200
10016.6736651,29.210780421,249,9850
10139.8980816,14.3703429882,249,9350
10867.7030977,658.499534405,249,10000
16144.7969543,2584.70812183,249,11050
7125.85389997,2089.40765035,171,6400
7306.28757746,41.3778328433,152,4900
11522.561753,1240.09163347,249,10500
9517.70746064,578.946759046,249,10100
8842.59964557,29.6453961215,249,10100
13962.5915839,47.8400619536,249,8650
9357.13112655,1116.97804743,249,10650
8666.1090253,645.650409691,249,10650
8166.18800313,36.9548808532,249,9250
16589.6004843,118.535108959,249,7550
8779.1323305,465.358859199,249,10300
9519.7674573,3371.66930881,249,10300
12546.7880086,34.4753747323,249,7950
6906.370439,5101.80082402,172,6450
8648.8027366,829.532497149,249,10550
14908.8006231,40.8099688473,249,8250
8143.72324601,1167.20039331,249,10550
10164.0237104,1581.28750919,249,10350
12423.1706709,41.4638146406,249,7150
10529.8883859,18.231081176,249,10700
11038.7438368,168.948229364,249,10550
9789.73753643,339.072070874,249,10400
8266.26104124,683.916507188,249,10350
11526.4974298,8.77450359136,249,10550
11706.1534819,52.8107606468,249,9000
26494.4437023,94.4447023341,249,3600
9001.70748824,792.040807415,249,10850
11535.9153641,25.778586713,249,9150
16282.3863523,5.71968560606,249,7600
12608.785872,23.0242825607,249,9550
11326.0862867,29.4815404973,249,9500
15565.3010166,13.4613602562,249,10000
9582.19251337,15.0267379679,249,9100
9118.2090606,112.257377995,249,10300
10842.8350159,778.227854958,249,10300
12227.0255867,46.9274124432,249,8650
10317.260657,656.391403668,249,10100
11697.5283054,6.61946443716,249,9250
8625.96192714,1.58069200611,249,10600
12558.4135194,50.8582843237,249,9000
11214.0691018,16.3761344399,249,6200
9142.68427518,27.2051597052,249,8750
7704.59363958,182.862190813,249,10350
9198.71101639,699.896927604,249,10750
8085.69299347,38.0129549138,249,9300
20875.6786659,1940.48351565,249,10300
13699.4378668,97.6268342391,249,6200
11560.8247423,6.60804744257e-12,249,8900
10426.0864277,605.205710442,249,10450
7497.69874477,52.7894002789,152,4250
15050.9365027,53.5398160398,249,5000
8584.38315183,193.779521879,249,10400
9187.2496922,426.11228656,249,10750
8183.19450274,1811.23742992,249,10450
7510.58844447,14.1175091768,175,5900
10566.8342419,37.5459086216,249,9250
9268.35773798,336.177562502,249,10600
10036.2722296,1830.33386573,249,10050
7088.34593464,1461.39341306,207,8600
8049.57130021,303.920479901,249,10500
12710.2731554,9.78626997404,249,9750
11921.6196347,90.128056879,249,10000
11731.8953069,64.7472924188,249,5650
8125.45795923,21.9169377922,249,9900
9871.14278881,1674.98395208,249,10000
15528.3427644,2015.5769027,249,10100
10772.8925446,591.132553756,249,10350
15965.3640336,840.555060306,249,9850
9179.67213115,37.2950819672,249,7650
11010.6323761,4.3784072759,249,7750
10430.9991744,744.823639159,249,9750
8721.86634794,11.7761936858,249,10350
16464.9043282,86.5251389961,249,5250
10874.7259284,5.89303713528,249,8850
16036.4249299,571.788963234,249,10200
8166.09853272,654.409399847,249,10300
10572.1196895,50.0674842484,249,8350
9639.69027146,1182.82135745,249,10950
8897.7847528,721.829426466,249,10500
15845.5723147,87.7735022408,249,8200
8421.60416409,890.683282878,249,10650
10850.5263158,0.526315789473,249,7750
11193.4482759,30.3448275862,249,9900
9932.52599115,37.3136278624,249,8350
7104.86771958,1.69311640212,199,7500
9725.00496032,944.449404762,249,10900
36850.4854369,136.40776699,249,2650
21371.8412896,12.3283769206,249,8350
7073.04933184,11.8834125561,249,8100
9894.84590861,1459.88310308,249,10150
9886.90652793,16.829328314,249,9150
7143.98599772,1454.26027854,166,6750
14559.5105766,41.4376492891,249,8150
14851.8627451,2823.62745098,249,10650
9198.49900275,2177.4703422,249,10250
9678.74796637,1699.49315483,249,10250
9387.81480247,95.2222098765,244,9650
10046.1534984,864.707953722,249,10550
22655.318538,11.7021858304,249,8250
11667.1191554,20.060331825,249,9900
9152.05399061,2043.83802817,249,10700
7924.66666667,5791.33333333,44,1000
8645.14399689,2125.25360077,249,10450
15909.0163772,46.7212952154,249,5900
7514.37837838,1884.10810811,236,9300
7031.95034419,896.801976977,215,9150
10596.1111111,61.3888888889,249,9250
8990.33247595,738.929534444,249,10900
7164.97571068,3787.21476846,206,8550
7410.89322572,2358.41934869,240,10150
12695.0298954,6.09118086697,249,9050
7332.57756563,1360.02386635,191,7700
9514.94252874,604.597701149,249,10200
11232.0428135,304.519877676,249,10750
8073.23128611,2414.23642793,235,9850
9809.0,1309.0,249,10000
18771.4099217,60.5744125326,249,6300
7579.40134255,608.563436613,249,10450
7988.38429738,883.038045295,249,10650
8675.1883578,454.916428501,249,10550
13716.5617349,1417.06551322,249,9650
17815.0,62.5,249,5400
13500.7874016,8.92388451444,249,9050
10236.1918195,4.88011283498,249,9300
6827.47603834,5.75079872205,230,6800
12890.3111012,15.0817684492,249,9850
17489.3083756,22.6205583756,249,7150
7164.28566514,1405.35675098,150,6450
10711.0088407,44.6941330845,249,9100
9178.64195308,1777.16059396,249,10150
10013.6280784,84.2623826963,249,10300
10292.5576137,10.8683047844,249,9450
8898.03921017,1556.86281327,249,9600
28687.3535224,4.68390603008,249,7100
9699.96180199,444.616043603,249,9950
9544.46764092,1878.49686848,249,10200
7162.64621711,401.827503655,207,8800
9061.65448031,376.191889146,249,10400
7851.12194472,1952.3902374,249,10800
7718.1091096,192.708599769,249,11050
20604.2492492,66.4114114114,249,7650
10933.6733095,35.7141258689,249,8900
9218.7903396,5.03650486571,249,9850
10713.9342105,20.6447368421,249,9050
10541.9639404,1.71435458119,249,10350
7928.86346528,31.0824738943,249,10300
14929.2305787,118.654019802,249,10550
13093.4432375,2020.9662084,249,10250
11154.9528302,308.254716981,249,10500
12621.6019417,2398.30097087,249,10800
9891.30434783,17.6630434783,249,8450
8770.68965517,4218.96551724,249,11000
10094.6004221,37.5994625603,249,8900
10042.0571026,38.6911897871,249,9650
6915.69958745,0.316074356448,212,7750
9272.08998574,5.98581907322,249,7500
10283.6538206,37.4999744049,249,7200
10445.7000007,9.1846533855,249,10200
10580.2587772,67.5733451174,249,9950
12042.4230087,32.4559274635,249,9800
9530.16877637,2029.74683544,249,10100
9449.70982266,1366.89525708,249,10400
8497.70184525,6.83277416497,249,10300
15313.9192515,72.4558368377,249,4350
8563.70557655,812.897043442,249,10350
9928.38051025,159.83720361,249,9950
7509.92498564,2.53837481806,249,9500
10261.5475238,1487.738,249,11000
9990.67108557,9.11977044344,249,9750
19919.8178808,68.8245033113,249,5450
10829.5180435,33.1953826618,249,9600
7011.96072429,5606.88028832,247,10250
8854.49573217,445.837789226,249,10350
9709.57179338,222.26735775,249,10450
9818.97411553,10.4783356087,249,10600
13475.1676922,37.7197622278,249,9950
52501.8511474,57.5506770284,249,7750
8997.94133956,2622.90625912,249,9950
8717.49788673,3322.23161454,249,9400
13199.1935484,61.4919354839,249,10150
9392.05136646,729.487083317,249,10300
11885.4069767,1466.80232558,249,10000
9550.72182145,27.7216991044,249,10700
10705.3854392,32.2822680037,249,10100
8963.06014151,7.5766509434,249,9250
11765.3846154,135.576923077,249,10250
8800.65915349,39.7056061222,249,10000
7375.55288209,435.076861831,249,10600
11197.8582068,30.7634530485,249,9100
14436.5384615,36.5384615385,249,7200
10256.1745326,16.2233428656,249,10650
14782.5991189,13.8766519824,249,7450
9882.11118069,46.6154390515,249,10100
14268.5061898,6.94912203412,249,3850
7783.05882353,0.705882352938,249,8750
7043.00477751,1.08406701544,249,7950
10036.8707617,1.03224244917,249,10300
9084.98074454,2482.76636714,249,10550
17083.0864198,22.8395061728,249,8950
10162.1774038,727.356539791,249,9850
8695.74380167,1047.84774273,249,10500
11461.5382894,12.8203406529,249,9400
7001.50764238,5678.1887902,122,5050
7344.70198675,7.03642384106,167,6850
9940.91755058,1435.78962555,249,9850
9053.76486729,1156.21630265,249,10050
14836.5441176,42.3529411765,249,10050
11120.8333333,515.5,249,9700
8178.25116076,1339.38531253,249,10300
9174.48625383,5.99566301969,249,10000
13048.3762934,50.6832450532,249,9150
7490.77268845,81.681573035,199,8150
16468.0782918,14.1637010676,249,8900
8469.38050763,1444.17000159,249,10450
9582.80461861,0.440888447967,249,9400
9958.08823529,75.7352941176,83,2100
10859.4618038,2.59846317552,249,10350
7722.81323877,1665.48463357,215,9250
9304.24671385,0.303336703745,249,8100
11024.3726714,3.18001230689,249,10400
9872.77084337,242.157495623,249,10100
12043.0305352,13.9367168785,249,10000
13715.1046735,40.1731293757,249,8750
8582.78086758,6954.43832398,249,10150
11507.5644181,21.9943038044,249,9500
8633.07841361,1155.63801622,249,10900
8344.42871978,1885.65577384,207,8850
15110.45,19.7,249,8550
7890.15184205,3.08727508881,249,10200
8925.89534498,76.8268607172,249,10400
11319.5110884,1.5125080332,249,9350
20988.2332898,66.6046514702,249,8900
8783.34879264,18.0870931905,249,7200
7443.69135802,0.728395061733,246,9600
7286.06546299,1832.8811801,222,8500
8729.21445882,0.131135576439,249,10250
10164.0796993,33.1424943177,249,10050
7789.71933477,34.0387665095,249,9850
13653.2991803,8.83196721312,249,9650
9847.1984513,502.210463078,249,11050
7469.82592509,36.5977664954,249,9200
7899.41014458,7.37521195426,249,9800
16333.7427066,11.5075494761,249,6900
8389.01323102,53.4868964257,214,9050
11572.7496917,6467.94081381,249,10350
8877.32075064,1986.63981706,249,10000
7171.64170213,2716.17964967,191,7700
10248.3735499,4.37407327202,249,9200
9473.50438243,1501.89897648,249,10500
7046.14795918,431.760204082,222,9300
17843.8382035,76.7987802313,249,7650
8557.52708432,27.3513537974,249,7250
7740.65625,3.15625,180,6000
14029.5238917,64.9151078544,249,9650
7967.58665142,0.950041865256,249,9500
8412.19349102,1373.99229023,249,10900
9442.84761928,493.169095495,249,10150
7929.8866941,193.67573946,249,10650
9311.57260835,6.80170699923,249,9000
7931.48148148,600.925925926,241,10150
7768.45784467,4414.21281512,249,10250
12130.3258145,58.5213032581,249,9850
42573.83682,51.7438248012,249,4850
8192.7326348,18.3149806589,249,7400
9666.74273737,31.112808831,249,9700
6589.04545892,4422.46069378,165,6950
9765.27643841,449.752669594,249,10200
7011.2548102,502.0297052,170,7200
7521.12332439,7.94266780814,249,8550
9199.67886962,2454.01412974,249,10800
11900.0920845,52.7812617023,249,9950
9084.19391759,18.1029676575,249,10200
15281.4528516,1.08190880989,249,8350
10042.5217363,43.7896511628,249,11050
8526.58399396,1149.5398317,249,10400
17821.2179965,8.45154255319,249,4200
7600.97404624,1523.05196832,196,7800
11530.6602238,15.6344472662,249,10100
12686.0712318,22.9210057173,249,10350
14661.4565651,30.7691684612,249,8500
9010.03401361,15.3911564626,249,10350
9324.16754102,462.573818249,249,10600
15413.6075949,69.3037974683,249,5800
7201.39879363,3916.08417071,220,8700
11097.6827275,1236.79882121,249,10800
7484.33972311,29.7953099631,249,8800
17648.7835874,5.23801404355,249,4300
12993.8856524,3.40946190476,249,6200
7041.44927536,3161.01449275,146,5100
7129.67067767,3.59231203718,182,5850
62964.8897111,5.33088756292,249,6850
11027.6619014,1755.45797895,249,10250
9229.73054982,721.013060201,249,10200
15930.1666667,0.166666666667,249,8850
8513.43714021,1254.83162847,249,9950
7089.05605383,3306.04777684,198,8050
6874.23841178,1610.7511923,205,8500
10499.2236488,35.6103800634,249,9800
10143.4176184,627.104087288,249,10050
13687.6033409,51.2397481427,249,5500
11824.6353323,589.789303079,249,10300
20608.2558094,71.3419505912,249,8500
6825.68587106,2237.27709191,171,6650
7466.08846996,8.16824718764,179,5750
10681.7059484,9.48372615039,249,7650
6658.72320175,13.1578996101,247,8050
9290.83147832,1105.05413113,249,10050
7161.32670259,395.792722009,218,9050
9692.44219975,46.0073251407,249,9700
7185.49848943,2641.9939577,191,8100
8822.98097782,20.1500837269,249,10300
9581.8150487,220.093180326,249,9900
8749.18673298,475.043257944,249,9900
11617.0473083,218.352365416,249,10850
19824.7454175,28.4114052953,249,8100
9098.70160546,7.69014251412,249,7750
11027.6865796,563.225748649,249,9950
20466.6922196,79.6325734125,249,8600
9557.19204903,1373.48814014,249,10050
8497.81930271,12.5513312556,240,9950
11246.9753824,43.2595496467,249,9000
9809.47908624,3602.8131907,249,9800
7116.69202247,1966.52678784,179,7400
13880.9951861,1.73235594978,249,8300
9428.27693494,504.536867054,249,10750
6612.36800078,3021.68477096,151,6150
10808.803419,48.5211373239,249,8400
10406.6348236,2133.22718028,249,10350
10261.1940299,2736.8159204,249,9950
86665.7103161,105.172413793,249,7850
7332.59944882,658.091954673,227,9550
9518.80864611,43.2724530831,249,8700
9600.21439184,634.097610565,249,10150
16212.6373626,51.0989010989,249,9550
9730.27257061,4268.54310405,249,10350
8202.68999326,1351.23204098,249,10300
9794.28289617,27.7239496437,249,9350
8171.89395803,3453.63971131,249,10100
12793.6563513,23.5072598383,249,9200
9064.46015035,4322.81517585,249,10850
7399.39800604,2083.16609864,224,8750
10262.1980489,197.151454871,249,10700
9315.0889538,39.2371775641,249,10500
9148.91448165,118.135688402,249,10800
10181.8425037,45.9083538803,249,9600
12428.3758389,39.1140939597,249,7800
12051.5917329,7.77858532559,249,10750
8809.74025974,216.512059369,249,9550
9044.87105818,403.513024469,249,10750
8830.9018408,24.4926519569,249,10200
9421.39737737,131.516552416,249,10300
7814.74860335,43.5754189944,249,8400
9616.15455074,21.7411429237,249,9300
9912.57987404,4.78144178256,249,10450
9248.74575593,706.372874576,249,10500
13327.2064207,94.8521156382,249,2200
10595.1340037,49.0549684634,249,9800
9418.36581709,3530.8095952,249,10200
7298.47060142,2309.66026987,249,10700
9886.47117794,18.8020050125,249,10200
14417.3173804,5.07556675064,249,8550
9401.85352751,649.499473007,249,10000
10576.6944182,670.542366702,249,9500
10533.0232421,1738.27507418,249,10250
9647.37255931,41.3120292939,249,8000
9643.27290989,14.0975354311,249,10350
9732.83333333,32.8333333333,249,9700
11482.4052878,178.035978248,249,10850
8692.53333333,252.533333333,249,10550
9431.58012222,354.355175024,249,10250
9007.31592784,3543.10385125,249,10400
11609.1954023,1597.70114943,249,10050
9185.38387065,571.764253493,249,10350
94290.8628525,109.096120808,249,5600
8751.89927973,1199.5393432,249,10450
10378.2800221,1372.35609897,249,10650
9698.49647051,84.4598864615,249,10500
7578.9819376,2807.43021346,165,6750
9455.96660903,39.0972575037,249,10150
12134.8495311,1.11965010496,249,8700
12822.3245799,801.717329843,249,9400
7907.61408003,3785.40281828,249,10000
8467.92489564,261.367777016,249,10500
11529.1018975,12.9712770968,249,10200
15455.4545455,61.8181818182,249,6150
10399.2804361,924.684359094,249,10450
9626.35000426,2151.3762314,249,10650
9051.40260622,35.6487288222,249,8950
9524.86456341,615.655164235,249,10150
10648.3607766,85.9078513022,249,10500
11564.5082776,2194.04687501,249,10500
16835.7140028,7.14301705322,249,6200
7319.68688845,1373.50293542,127,5150
8026.46373765,19.7742208699,249,7600
15913.8607595,226.518987342,249,10200
16461.5853659,96.9512195122,249,5400
11584.7740668,3827.70137525,249,10150
9493.0616963,1492.44871749,249,9850
15742.8070175,16.4912280702,249,9000
10843.042476,46.3443808131,249,4700
7934.42631496,1008.85006511,249,10550
7606.0,267.666666667,218,8500
8388.74371022,1119.06196817,249,10850
13750.9616307,43.2690957105,249,8800
9784.77432297,39.3380140421,249,10100
8939.11990958,303.300449229,249,10800
10053.7710817,307.485999083,249,10400
9738.95348837,5087.79069767,249,10000
10355.5190784,10.9767706782,249,8500
8233.1944348,717.293967361,249,10650
7574.52336029,17.693764248,249,8450
14287.7130141,38.2994096951,249,8100
9187.12577216,1164.25009642,249,10600
15724.7818792,5.48657718121,249,9350
13018.7385978,169.987033994,249,9850
11830.6219659,16.2109881165,249,9750
9431.31313131,18.4343434343,204,4200
75092.4012158,1.21580547114,249,9150
9953.78064373,0.510888964579,249,8600
10006.4587525,23.3098591549,249,10100
9566.52220831,524.807758935,249,9950
8519.08372553,555.494882422,249,10150
7394.25428261,32.1198706621,249,9150
10307.1911596,265.605343069,249,10300
9779.67475728,71.9077669903,249,10100
8991.66666981,3392.70833648,249,10750
14061.8637433,15.2537605662,249,9750
10727.5,1133.98648649,249,10200
10515.0176678,30.3886925795,249,7550
22650.0000096,18.4210479638,249,8600
9236.31848281,1153.65447628,249,10650
10310.4709688,237.603890769,249,10200
8273.78112329,2123.4775443,249,10950
14627.3436948,1678.12494476,249,11050
7822.38531743,327.009170642,249,10300
9751.19793694,0.337568842696,249,10000
11024.5686744,44.09602169,249,5500
9226.03305785,22.7272727273,249,9600
7189.96925442,659.761721753,246,10700
32014.7447746,78.8452529865,249,9400
9772.45108569,36.3749970533,249,9950
7805.62211982,519.907834101,249,10200
9234.27920844,17.348902011,249,10300
10124.9341966,16.3194141672,249,9850
2662.31481481,2590.55555556,191,7750
11021.6662795,146.37321061,249,9800
14510.5567693,57.2945192918,249,7800
14747.0211521,55.4852207123,249,7300
11852.0281933,1362.54755601,249,10300
10953.1916343,51.0638081913,249,9150
11114.2513495,2227.29462473,249,10950
9118.94643681,706.96997227,249,10450
8649.30369157,34.8558963084,249,9800
8927.28808391,958.045590218,249,10450
8335.25560326,1006.8808295,249,9550
19131.9671516,2.67309158633,249,9550
9838.22166133,39.6546052745,249,10850
7174.68038924,645.598110759,220,9700
41289.4402086,36.8578536208,249,5100
10114.4046396,1421.65031391,249,9950
11436.4910288,20.6793389925,249,9500
10424.2163448,42.2686935567,249,6300
9430.98247314,70.8030243003,249,3750
23535.0900901,17.972972973,249,5200
9716.27537451,31.5736352401,249,9950
9960.73891985,16.3118691296,249,8750
8468.64231564,1313.30117161,249,10300
7947.03961864,1475.00735198,249,10750
8933.40794183,4.62345264728,226,7700
11872.5152414,12.0862786468,249,10450
20484.7821596,13.0431873015,249,7300
10454.5477576,36.3450994827,249,10500
9100.50409605,2.82848642415,249,8900
9065.32544955,530.211634717,249,10850
9614.41717791,1884.35582822,249,10500
15086.627742,71.2254434665,249,8050
9807.30951463,1562.72657038,249,9950
8213.90182201,4611.45783986,249,10700
10997.3958333,14.84375,249,9050
14135.9061725,235.765804239,249,10350
9909.77013864,11.6232303458,249,10000
11658.3173996,48.3747609943,249,8800
9382.8358209,3051.49253731,249,10500
10304.3814433,7.47422680412,249,8800
9389.07864982,436.620071919,249,10850
21293.5559621,56.4295392954,249,7000
10926.3986349,3189.43875925,249,10550
7124.83816343,3.47894012945,209,4500
7055.61896955,3831.95230289,167,6650
13768.1864463,58.7514180791,249,7550
7949.09248042,625.323599532,249,10500
10193.5620655,26.4387648463,249,10500
12015.4857143,60.5571428571,249,7750
8086.79316024,36.8221717927,249,9050
7139.75651425,2053.88953088,228,9350
8506.19722089,35.1873526902,249,9250
10134.2475929,49.3867229149,249,9950
7748.86452623,4329.52231793,249,10250
9614.91987896,39.0798012828,249,9150
8468.66712161,3338.66592161,160,6750
7930.09434951,10.28276022,249,7300
52006.0,52.0,249,8400
7198.4,58.4,233,5100
9573.51611551,305.045303528,249,10100
9751.18898623,3015.26908636,249,10400
9511.33144306,1292.90168872,249,10000
9631.88075514,333.998332437,249,9900
8297.71985758,17.5490864536,249,9850
11281.3912754,1593.88463298,249,10250
7756.63017032,3228.16301703,222,9400
7127.90873354,1527.13400385,199,8500
10192.2545464,0.79181292097,249,10250
14702.5609756,22.6829268293,249,5350
11373.352121,3021.07969722,249,10000
10538.2686202,582.434217229,249,10450
11384.2857143,30.7142857143,249,8500
10284.4311541,43.6183354567,249,9300
10429.8147186,0.37222708774,249,8650
10283.959694,35.580566571,249,9250
9249.3780573,5264.47239693,249,9900
9478.0999975,838.0999975,249,10800
28404.4379323,90.8706209831,249,7800
10343.2764649,251.504603188,249,10750
9832.95768762,11.214715917,249,9200
10421.5508756,160.224776292,249,10250
11004.4401544,24.5173745174,249,5900
8980.44478528,3224.0797546,249,9550
13481.310097,371.973873652,249,10550
9345.16511487,3.12233812215,249,8850
10234.3181619,63.479277099,249,10250
9767.33742656,2515.62552834,249,10000
6900.49651323,2.0864138382,212,8100
8080.67041391,48.988353775,249,8050
7306.13944329,24.349640999,187,5350
14307.7720207,43.0051813472,249,6900
10015.7364217,69.0900802184,249,9750
9494.99996707,0.654985749534,249,9250
12905.0743613,1835.12685477,249,10050
22016.4971631,9.76447650763,249,8600
10101.4651241,2823.05517377,249,10700
21629.3731833,11.9932269571,249,7250
9094.15348468,100.47657907,249,10550
11795.9186735,47.3166628874,249,4600
15002.8571429,4061.42857143,249,10350
14472.3222249,40.9151509678,249,8200
9019.45835901,18.7496650855,249,8700
11054.9175627,2822.30107527,249,10300
9975.84653465,5.54950495048,249,10000
13097.3451327,2544.24778761,249,10600
9742.04355771,2374.13449154,249,10100
9996.02463754,12.2522993631,249,9900
7334.64743753,292.726282621,182,7500
9132.48405043,499.723291548,249,10800
9490.75601872,249.944068773,249,10200
9775.49950692,3411.36081826,249,10500
7166.13865343,5004.75277334,169,7400
8082.30711874,972.209096832,249,10200
6983.48866754,1144.97884144,233,9450
11469.3329555,429.727056562,249,10100
7889.81414218,606.918979587,150,6250
14462.8952767,13.3893478261,249,7900
9259.24412666,803.064351379,249,10600
7896.88838708,3724.16154423,249,10750
8993.97631584,1.90612285211,249,9600
12692.5373787,5.96985039931,249,10000
12732.1116101,52.3319008423,249,8850
11320.3389831,4197.45762712,249,10250
12201.2050166,23.6710755814,249,8650
12828.2374101,71.2230215827,249,5550
7122.17798308,1648.51010065,195,8050
10424.1057069,32.7631484235,249,9000
7153.20503934,3200.71314861,161,6400
10432.0425847,37.2216747338,249,6350
8555.49979702,491.533228783,249,10850
9391.84396515,754.107614574,249,10450
9615.45958654,257.140566117,249,10550
9373.49390733,644.578244674,249,10350
7093.13364472,893.28809115,236,9850
8060.53626317,1114.04218571,249,10350
9363.48191431,18.0996897344,249,9600
11676.8428184,2725.51490515,249,10400
13250.8435683,0.544888375343,249,9600
12077.3022976,4388.35151137,249,10100
12956.7741526,3.0428093404,249,9300
10118.6581454,27.3136391928,249,9000
9921.01694915,2.37288135593,249,7000
10941.3043573,2.17288704082,249,10200
6920.77999279,2076.66506528,171,7500
6907.29166667,39.2361111111,208,6450
19263.7254423,56.8626971709,249,6850
12301.9079979,205.421088316,249,10550
15083.6968085,31.835106383,249,7350
16144.9392713,1.21457489878,249,7250
7925.2293578,34.8623853211,214,5150
8939.70588235,3747.05882353,249,10700
17338.1800555,78.3785545097,249,4400
9530.92598812,9.21179827756,249,10050
14251.9893463,77.8112899979,249,5800
11400.5371901,50.6749311295,249,8000
10398.7602093,1857.00259432,249,9850
10538.0081301,1.42276422764,249,5400
13054.4144144,0.360360360362,249,8050
13417.0576282,26.1727685606,249,10200
9065.93103448,7509.86206897,249,10350
8589.83608419,1957.29358726,249,10600
6950.8045977,23.2183908046,187,7350
9024.74069424,7.15661839645,249,7800
12664.3324546,933.66649853,249,10600
14026.5170525,28.4295773222,249,6600
11049.7785651,27.6350752879,249,8500
